Product Name,Product Price Range,Product Min Order,Seller Name,Product Link
Superhero PVC cartoon character statue children's toy spider man birthday Venoms and massacres gift .,US$6.00 - US$6.50, 36 pieces,CN Supplier,https://www.alibaba.com/product-detail/Superhero-PVC-cartoon-character-statue-children_1600668185829.html
OEM Anime Statue Action Figure GK Roronoa Zoro Three-blade Sa-maximum Manga Action Collection Model Kid Toy,US$1.25 - US$4.26, 2.0 pieces,CN Supplier,https://www.alibaba.com/product-detail/OEM-Anime-Statue-Action-Figure-GK_1600947263298.html?s=p
WXU Double Sided Translucent Standee Charm Acrylic Stands For Expo Customized Standees,US$1.60 - US$2.00, 25 pieces,CN Supplier,https://www.alibaba.com/product-detail/WXU-Double-Sided-Translucent-Standee-Charm_1600957150243.html?s=p
High Quality Anime Figure Resin Statue 1 Piece Character Life Size 1:1 Luffy Action For Decor Sculpture,"US$1,700.00 - US$2,500.00", 2 pieces,CN Supplier,https://www.alibaba.com/product-detail/High-Quality-Anime-Figure-Resin-Statue_1600843330748.html?s=p
High Quality Illuminated Base Binary Model Ornaments Gifts Dragon Balls Handicraft Double Head Replaceable Goku,US$28.80 - US$35.20, 5 boxes,CN Supplier,https://www.alibaba.com/product-detail/High-Quality-Illuminated-Base-Binary-Model_1600941416028.html
Popular Anime One Pieced Ronoa Zoro Three-blade Sa-maximum Manga Sauron Roronoa Zoro Pvc Action Collection Model Gift,US$3.80 - US$4.70, 2 pieces,CN Supplier,https://www.alibaba.com/product-detail/Popular-Anime-One-Pieced-Ronoa-Zoro_1600617154085.html
Japanese Anime Figure 1 Piece Luffy Character Model Ornaments Action Gift,US$2.10 - US$2.70, 5 pieces,CN Supplier,https://www.alibaba.com/product-detail/Japanese-Anime-Figure-1-Piece-Luffy_1600893549846.html
Japan Action Figure GK Daki Giyuutarou Tsugikuni Yoriichi Kokushibo Hashibira Inosuke PVC Demon Slayer,US$6.00 - US$10.00, 1 piece,CN Supplier,https://www.alibaba.com/product-detail/Japan-Action-Figure-GK-Daki-Giyuutarou_1600579625884.html
Botu Huge 7 Dragon Balls Anime Figure Goku PVC Action Collectible Model Toy Figurine Dragon High Quality,US$26.00 - US$30.00, 3 pieces,CN Supplier,https://www.alibaba.com/product-detail/Botu-Huge-7-Dragon-Balls-Anime_1600877990833.html
New Arrivals One Pieced THOUSAND SUNNY Boat Going Merry Ship Assembled Collection PVC Model Toys One Pieced Action,US$6.45 - US$51.55, 2.0 pieces,CN Supplier,https://www.alibaba.com/product-detail/New-Arrivals-One-Pieced-THOUSAND-SUNNY_1600581158365.html
New 28cm One Pieced Nica Luffy Gear 5 High Quality With Light Decoration Collection Statue Model Toys,US$12.00 - US$13.00, 10 pieces,CN Supplier,https://www.alibaba.com/product-detail/New-28cm-One-Pieced-Nica-Luffy_1600939317139.html
Wholesale One Pieces DXF Zoro Trafalgar Law Luffy One Pieces Figurine Collection Action,US$2.91 - US$3.24, 1000 boxes,CN Supplier,https://www.alibaba.com/product-detail/Wholesale-One-Pieces-DXF-Zoro-Trafalgar_1600625145403.html
My Dress-Up Darling Kitagawa Marin Anime Action Figure Collectible Model Toy Gifts for Children Desktop Ornaments,US$7.20 - US$14.80, 5.0 pieces,CN Supplier,https://www.alibaba.com/product-detail/My-Dress-Up-Darling-Kitagawa-Marin_1600679343472.html
Best Selling Products Pvc Plastic Girl Anime Figure Dbz Toys Bulma,US$5.90 - US$7.20, 3 pieces,CN Supplier,https://www.alibaba.com/product-detail/Best-Selling-Products-Pvc-Plastic-Girl_1600680884682.html
JM Japan Anime OP GK LX Zoro action figure for collection,US$13.00 - US$14.00, 3 pieces,CN Supplier,https://www.alibaba.com/product-detail/JM-Japan-Anime-OP-GK-LX_1600898576492.html
Hot Sale Marvel Cartoon Anime Figure The Avengers Iron-man Spider-man Action PVC Model Toy,US$2.44 - US$77.73, 10.0 pieces,CN Supplier,https://www.alibaba.com/product-detail/Hot-Sale-Marvel-Cartoon-Anime-Figure_1600953061662.html
NARUTOES Big Figure 40cm Huge Susanoo Uchiha Madara Figurine With Light Desktop Ornaments Decoration,US$38.50 - US$42.50, 2 sets,CN Supplier,https://www.alibaba.com/product-detail/NARUTOES-Big-Figure-40cm-Huge-Susanoo_1600917154008.html
New High Quality Superhero Figure Statue Action Anime PVC Model Toys for Decoration,US$9.00 - US$9.76, 2 pieces,CN Supplier,https://www.alibaba.com/product-detail/New-High-Quality-Superhero-Figure-Statue_1600900899518.html
Super hot selling factory price Anime figure 21 styles Demon Slayer Kimetsu no Yaiba PVC Model Toys,US$1.60 - US$2.00, 150 pieces,CN Supplier,https://www.alibaba.com/product-detail/Super-hot-selling-factory-price-Anime_1600376374172.html
Creative One Pieces Demon Slayers Narutos Anime Figure Blind Box for Claw Machine Cartoon Dolls Surprise Box for Kid Gifts,US$0.65 - US$0.95, 120 boxes,CN Supplier,https://www.alibaba.com/product-detail/Creative-One-Pieces-Demon-Slayers-Narutos_1600886407697.html
Anime Figure Demon Slayer Kanroji Mitsuri Statue Action Toy 210mm Kimetsu No Yaiba Action Toys for Children,US$11.00 - US$12.00, 1 piece,CN Supplier,https://www.alibaba.com/product-detail/Anime-Figure-Demon-Slayer-Kanroji-Mitsuri_1600530647421.html
15.35inch 39cm Huge One Pieces Zoro Sword Ace Sanji High Quality Zoro Action,US$15.28 - US$17.68, 10 pieces,CN Supplier,https://www.alibaba.com/product-detail/15-35inch-39cm-Huge-One-Pieces_1600851727764.html
anime Blind Box Action Figure creative lovely blind box toy,US$0.31 - US$0.80, 48 pieces,CN Supplier,https://www.alibaba.com/product-detail/anime-Blind-Box-Action-Figure-creative_1600667520827.html
14 Styles Demon Slayer Kimetsu No Yaiba Kamado Tanjirou Nezuko Zenitsu Giyuu Inosuke Kochou Kanawo Eat Rice Action,US$2.00 - US$2.50, 10 pieces,CN Supplier,https://www.alibaba.com/product-detail/14-Styles-Demon-Slayer-Kimetsu-No_1600336002180.html
H11CM 6pcs/set dragon balls action figure Son Goku Bejita Yonsei Torankusu Toy Cake decoration Dragon Balls,US$6.29 - US$8.82, 3 sets,CN Supplier,https://www.alibaba.com/product-detail/H11CM-6pcs-set-dragon-balls-action_1600428020248.html
Cosplay PVC Model Toys 43CM GK Anime Luffy Action Figure For Birthday Gifts,US$23.00 - US$35.00, 4 pieces,CN Supplier,https://www.alibaba.com/product-detail/Cosplay-PVC-Model-Toys-43CM-GK_1600802101078.html
"2022 3D Japanese cartoon mini Anime Figure, OEM 3d pvc toy cartoon mini Popular Fairy Tail Natsu Model Toys",US$8.00 - US$13.00, 5 pieces,CN Supplier,https://www.alibaba.com/product-detail/2022-3D-Japanese-cartoon-mini-Anime_1600510049868.html
12pcs/set Anime Figure Set Shippuden Hinata Uchiha Sasuke Itachi Kakashi Gaara Jiraiya Q Version PVC Toys Dolls Kid Gift,US$6.13 - US$7.00, 10 sets,CN Supplier,https://www.alibaba.com/product-detail/12pcs-set-Anime-Figure-Set-Shippuden_1600611631775.html
Hot Selling Custom Demon Slayer Anime Figure PVC Toy Japanese Cartoon Kids Gift,US$1.10 - US$1.40, 20 pieces,CN Supplier,https://www.alibaba.com/product-detail/Hot-Selling-Custom-Demon-Slayer-Anime_1600625887999.html
HUAYI demon slayer action figure target demon slayer action demon slayer 16 models kimetsu no yaiba,US$0.96 - US$2.06, 3 pieces,CN Supplier,https://www.alibaba.com/product-detail/HUAYI-demon-slayer-action-figure-target_1600698797336.html
ZG-Cheap Wholesale Pvc Anime Figure Narutos Action Toys Sold In Sets 12pcs/set,US$5.95 - US$6.40, 10 pieces,CN Supplier,https://www.alibaba.com/product-detail/ZG-Cheap-Wholesale-Pvc-Anime-Figure_1600877536081.html
Sexy figures Demon Slayer Anime Figure Sexy doll Model Decoration kimetu no yaiba Kanroji Mitsuri action,US$2.83 - US$4.00, 3 pieces,CN Supplier,https://www.alibaba.com/product-detail/Sexy-figures-Demon-Slayer-Anime-Figure_1600760417833.html
30cm Anime Demon Slayer Figure Douma Juuni Kitsuki Giyuutarou Kokushibo Hashibira Inosuke Action Figurine Kimetsu Model Toy Gift,US$5.29 - US$6.17, 5 pieces,CN Supplier,https://www.alibaba.com/product-detail/30cm-Anime-Demon-Slayer-Figure-Douma_1600699878532.html
20cm Anime figure Jujutsu Kaisen Gojo Satoru Change Head Action Figurine Gojo Satoru Itadori Yuji Figurine Model Doll Gift,US$3.50 - US$4.50, 2 units,CN Supplier,https://www.alibaba.com/product-detail/20cm-Anime-figure-Jujutsu-Kaisen-Gojo_1600295453726.html
Hot Sale 6 Pcs/Set Marvel Cartoon Anime Figure The Avengers Iron-man Spider-man Action PVC Model Toy,US$2.60 - US$3.50, 10 sets,CN Supplier,https://www.alibaba.com/product-detail/Hot-Sale-6-Pcs-Set-Marvel_1600857350479.html
1 PIECE 21CM LX Hell Roronoa Zoro PVC Anime Figure Model Statue Toys Doll Gifts Cartoon Manga Figurine,US$10.00 - US$11.50, 2 pieces,CN Supplier,https://www.alibaba.com/product-detail/1-PIECE-21CM-LX-Hell-Roronoa_1600898568314.html
6 Style Anime Figure Toys Kamado Nezuko Tanjirou Kimetsu No Yaiba Model Doll Demon Slayer Action,US$1.08 - US$1.35, 2 pieces,CN Supplier,https://www.alibaba.com/product-detail/6-Style-Anime-Figure-Toys-Kamado_1600508697055.html
Hot 12pcs/set Anime Shippuden Hinata Sasuke Itachi Kakashi Gaara Q Version PVC Toys Dolls Kid Gift,US$14.50, 10 pieces,CN Supplier,https://www.alibaba.com/product-detail/Hot-12pcs-set-Anime-Shippuden-Hinata_1600673154726.html
anime figures wholesale Japanese anime demon killer model ornaments spot Action Toy,US$1.63 - US$1.85, 10 pieces,CN Supplier,https://www.alibaba.com/product-detail/anime-figures-wholesale-Japanese-anime-demon_1600732391801.html
Cool Demon Slayer Figures Japanese Anime Desktop Decoration For Children Boy Promotion Gifts Toy Cartoon Action,US$2.19 - US$3.39, 5 pieces,CN Supplier,https://www.alibaba.com/product-detail/Cool-Demon-Slayer-Figures-Japanese-Anime_1600345046166.html
6 Dragons Ball anime cartoon figure toys Sun Wukong doll Vegeta model cake ornament,US$0.95 - US$0.99, 20 pieces,CN Supplier,https://www.alibaba.com/product-detail/6-Dragons-Ball-anime-cartoon-figure_1600912459501.html
13CM Newest Designs Jujutsu Kaisen Gojo Satoru Anime PVC Toy,US$5.00 - US$5.99, 10 units,CN Supplier,https://www.alibaba.com/product-detail/13CM-Newest-Designs-Jujutsu-Kaisen-Gojo_1600329341263.html
12inches demon slayer figure demon slayer anime figure Giyuutarou / Daki / Tsugikuni figuras demon slayer,US$6.00 - US$7.50, 5 pieces,CN Supplier,https://www.alibaba.com/product-detail/12inches-demon-slayer-figure-demon-slayer_1600944246147.html
Anime To Love-Ru Darkness Lala Satalin Deviluke Darkness PVC Action Japanese Model Collectible Toy Doll Gift,US$3.15 - US$9.42, 3 pieces,CN Supplier,https://www.alibaba.com/product-detail/Anime-To-Love-Ru-Darkness-Lala_1600930336481.html
6pcs/set Cartoon Design PVC Anime Figure Toys Hunter Hunter Hisoka Kurapika Killua Action,US$4.85 - US$6.10, 5 sets,CN Supplier,https://www.alibaba.com/product-detail/6pcs-set-Cartoon-Design-PVC-Anime_1600717149533.html
Action Figures 15.35inch 39cm Huge One Pieces Zoro Sword Sanji High Quality,US$15.28 - US$17.68, 10 pieces,CN Supplier,https://www.alibaba.com/product-detail/Action-Figures-15-35inch-39cm-Huge_1600944045945.html
SY01 Hot Sale PVC Pokemoned Anime Figure Toy Shine Pika chu Action Bedroom Sleep Night Light Birthday Gift,US$1.20 - US$1.35, 50 pieces,CN Supplier,https://www.alibaba.com/product-detail/SY01-Hot-Sale-PVC-Pokemoned-Anime_1600868675692.html
Anime Narutos Hatake Kakashi Action figures Kids toys hobbies Gift set Vinyl Art Toy figurine,US$10.45 - US$11.05, 5 pieces,CN Supplier,https://www.alibaba.com/product-detail/Anime-Narutos-Hatake-Kakashi-Action-figures_1600904531150.html
Figuras de 22CM Newest Cartoon Action Figures Baki Series Zero Hanma Yujiro,US$4.70 - US$5.39, 2 units,CN Supplier,https://www.alibaba.com/product-detail/Figuras-de-22CM-Newest-Cartoon-Action_1600838722493.html
2022 New 8pcs Titan Action Figure 10-13cm Eren Levi Mikasa Sets Annie The Female Titan PVC Toys,US$7.50 - US$8.25, 10 bags,CN Supplier,https://www.alibaba.com/product-detail/2022-New-8pcs-Titan-Action-Figure_1600602257198.html
OEM Collectible Model Anime Figure Action Figure Toys,US$0.20 - US$0.30, 5000 pieces,CN Supplier,https://www.alibaba.com/product-detail/OEM-Collectible-Model-Anime-Figure-Action_1600573519196.html
HWA 101276 Cheap wholesale Anime Figure Narutos action Sold in sets 6pcs/set,US$1.95 - US$2.37, 10 sets,CN Supplier,https://www.alibaba.com/product-detail/HWA-101276-Cheap-wholesale-Anime-Figure_1600620860067.html
HUAYI PVC Statue Anime Action Figure Roronoa Zoro Three Thousand World One Pieces Combat,US$4.40 - US$5.60, 2 pieces,CN Supplier,https://www.alibaba.com/product-detail/HUAYI-PVC-Statue-Anime-Action-Figure_1600237195410.html
Pvc Pika-chu Action Figure Model Poke-mon Doll Pika-chu Bulbasaur Snorlax Squirtle Psyduck action Pokemones,US$0.49 - US$0.80, 50 sets,CN Supplier,https://www.alibaba.com/product-detail/Pvc-Pika-chu-Action-Figure-Model_1600594569236.html
Japanese Animes Cartoon Toy Anime Figure Character Model Toys PVC Action,US$2.10 - US$2.70, 20 pieces,CN Supplier,https://www.alibaba.com/product-detail/Japanese-Animes-Cartoon-Toy-Anime-Figure_1600451875764.html
OEM Custom Toys Maker Cartoon Action Figure With Safety PVC,US$0.78 - US$3.65, 1 piece,CN Supplier,https://www.alibaba.com/product-detail/OEM-Custom-Toys-Maker-Cartoon-Action_1600619492936.html
Narutos Shippuden Gk Action Anime Figure Uzumaki Narutos Figma 36cm Model Desktop Collection Doll Children Toys Christmas Gift,US$20.80 - US$22.00, 2 pieces,CN Supplier,https://www.alibaba.com/product-detail/Narutos-Shippuden-Gk-Action-Anime-Figure_1600754330022.html
Custom Japanese Cartoon Anime Figure PVC Collectible Cartoon Model Crafts Gifts Mode Action Kids Toys,US$1.50 - US$2.10, 3000 sets,CN Supplier,https://www.alibaba.com/product-detail/Custom-Japanese-Cartoon-Anime-Figure-PVC_1600812848679.html
Anime Toy Custom Action Figure,US$1.97 - US$2.99, 1000 sets,CN Supplier,https://www.alibaba.com/product-detail/Anime-Toy-Custom-Action-Figure_60665788815.html
Cartoon 3D Pvc Toy Figure Manufacturer Custom Action Toy,US$0.55 - US$0.85, 500 pieces,CN Supplier,https://www.alibaba.com/product-detail/Cartoon-3D-Pvc-Toy-Figure-Manufacturer_1600617158090.html
XM Jujutsu Kaisen Anime Figure Gojo Satoru Itadori Yuji Look Up Action Fushiguro Megumi Figurine Doll Gift {opp bag},US$1.80 - US$2.20, 10 units,CN Supplier,https://www.alibaba.com/product-detail/XM-Jujutsu-Kaisen-Anime-Figure-Gojo_1600705728978.html
KOPF Brand DBZ Figure Son Goku Dragon Gohan Cell Broli Gamma Zamasu Ball Z Mini Bricks Assembled Building Block Toy Brick,US$0.40 - US$0.50, 10 pieces,CN Supplier,https://www.alibaba.com/product-detail/KOPF-Brand-DBZ-Figure-Son-Goku_1600940693392.html
16.5 inch Wholesale Manga Figure High Quality toy Action pocket monster toy model action,US$27.40 - US$30.00, 2 boxes,CN Supplier,https://www.alibaba.com/product-detail/16-5-inch-Wholesale-Manga-Figure_1600781441317.html
2023 OEM Customized PVC Resin toys HIGH Quality Action & toy standing posture Jujutsu Kaisen Gojo Satoru jujutsu kaisen,US$1.90 - US$2.06, 3 pieces,CN Supplier,https://www.alibaba.com/product-detail/2023-OEM-Customized-PVC-Resin-toys_1600623402133.html
In Color Box Packing Poke Mon Transform Face Action Squirtle Chamander PVC Toy Pokey Ball Toy Plastic,US$2.00 - US$2.20, 6 sets,CN Supplier,https://www.alibaba.com/product-detail/In-Color-Box-Packing-Poke-Mon_1600915529538.html
16 styles Demon Slayer anime figure Kimetsu no Yaiba Kamado Tanjirou Nezuko Agatsuma Zenitsu PVC action toys,US$2.00 - US$2.20, 10 pieces,CN Supplier,https://www.alibaba.com/product-detail/16-styles-Demon-Slayer-anime-figure_1600893256067.html
Anime Figure PVC One Piece Figure Luffy Zoro Ace Trafalgar Law Robin Nami Chopper Newgate Shanks Kikunojo Action for Fans,US$2.66 - US$4.66, 3 pieces,CN Supplier,https://www.alibaba.com/product-detail/Anime-Figure-PVC-One-Piece-Figure_1600676504137.html
Anime one piece Luffy Doll Action Figures For Collection Box Package,US$2.80 - US$3.20, 5 pieces,CN Supplier,https://www.alibaba.com/product-detail/Anime-one-piece-Luffy-Doll-Action_1600746815078.html
Anime Figure Pvc Toy Manufacturer Make Custom Action,US$0.39 - US$0.50, 500.0 pieces,CN Supplier,https://www.alibaba.com/product-detail/Anime-Figure-Pvc-Toy-Manufacturer-Make_1600435124501.html
Pvc Japanese Cartoon Characters nude anime figure,US$1.60 - US$1.75, 1000 pieces,CN Supplier,https://www.alibaba.com/product-detail/Pvc-Japanese-Cartoon-Characters-nude-anime_60667785588.html
Jujutsu Kaisen Gojo Satoru Itadori Yuji Look Up Action Doll Gift Fushiguro Megumi Figurine Action,US$1.30 - US$1.50, 3 pieces,CN Supplier,https://www.alibaba.com/product-detail/Jujutsu-Kaisen-Gojo-Satoru-Itadori-Yuji_1600974136361.html
Rice ball pressing cup noodles Nedouzi charcoal Jilang my wife Shanyi peripheral ornaments boxed Demon Slayer,US$16.60 - US$24.00, 8 sets,CN Supplier,https://www.alibaba.com/product-detail/Rice-ball-pressing-cup-noodles-Nedouzi_1600834601195.html
Top Quality 16pcs/Set Anime Dra gon Balls Super Saiyan Goku Character Model Decoration Collection Toy Action,US$0.29 - US$0.36, 16 pieces,CN Supplier,https://www.alibaba.com/product-detail/Top-Quality-16pcs-Set-Anime-Dra_1600765838151.html
6 pcs Chainsaw Man Anime Figure set 11cm Chainsaw Man Pvc Action For Gifts,US$4.50 - US$5.50, 10 bags,CN Supplier,https://www.alibaba.com/product-detail/6-pcs-Chainsaw-Man-Anime-Figure_1600768388663.html
Collectible toys Pop PVC cartoon Anime Figure customizable model Super Movie Heros Action Toys,US$1.59, 540 pieces,CN Supplier,https://www.alibaba.com/product-detail/Collectible-toys-Pop-PVC-cartoon-Anime_1600434576200.html
Hot Sale custom action Collectible figure OEM Cartoon Vinyl Toys Plastic 3D Cute Popular Toy Hard PVC,US$5.00 - US$6.00, 3000 pieces,CN Supplier,https://www.alibaba.com/product-detail/Hot-Sale-custom-action-Collectible-figure_1600663971251.html
Wholesale new products 6pcs/lot Miku kawaii anime toy quadratic element girl action Ornament Decor birthday gift,US$6.80 - US$8.30, 3 sets,CN Supplier,https://www.alibaba.com/product-detail/Wholesale-new-products-6pcs-lot-Miku_1600888983508.html
Newest Anime Cartoon Gift Box Figure Blind Box Action for Gifts PVC Unisex Funny ASTM Customized Size Customized Logos,US$0.60 - US$1.50, 50 pieces,CN Supplier,https://www.alibaba.com/product-detail/Newest-Anime-Cartoon-Gift-Box-Figure_1600306270470.html
Hot sale Anime My hero Academia mini figures toys 10cm wholesale ready stock demon slayer Jujutsu Kaisen,US$5.35 - US$5.82, 30 sets,CN Supplier,https://www.alibaba.com/product-detail/Hot-sale-Anime-My-hero-Academia_1600713218191.html
Japan anime movie slamdunk Model Anime Figure children gifts box collection toys three generations(5pcs/set) no box,US$2.52 - US$2.98, 1 piece,CN Supplier,https://www.alibaba.com/product-detail/Japan-anime-movie-slamdunk-Model-Anime_1600091805476.html
New Style Pvc Cartoon Ornament Anime Figure Set Twilight Yor Anya Forger SPY FAMILY Action,US$6.30 - US$7.60, 5 pieces,CN Supplier,https://www.alibaba.com/product-detail/New-Style-Pvc-Cartoon-Ornament-Anime_1600500361241.html
Pvc Statue Anime Action Figure Roronoa Zoro Figure Three Thousand World One and Pieces Combat,US$1.69 - US$3.89, 5 pieces,CN Supplier,https://www.alibaba.com/product-detail/Pvc-Statue-Anime-Action-Figure-Roronoa_1600932981388.html
Make your own anime figure servant girl KannaKamui movable toy,US$12.50 - US$13.18, 10 pieces,CN Supplier,https://www.alibaba.com/product-detail/Make-your-own-anime-figure-servant_60839480783.html
Botu Huge 7 Dragon Balls Anime Figure Goku PVC Action Collectible Model Toy Figurine Dragon High Quality,US$27.10 - US$32.00, 20 pieces,CN Supplier,https://www.alibaba.com/product-detail/Botu-Huge-7-Dragon-Balls-Anime_1600943385803.html
Wholesale japanese anime figure character 19cm one piece sun-god nika while luffy action toys,US$4.39 - US$5.88, 3 boxes,CN Supplier,https://www.alibaba.com/product-detail/Wholesale-japanese-anime-figure-character-19cm_1600922584635.html
"Custom Make Anime Figure Toys Anime Pvc Action Figure Toys Kid,Oem Plastic Toy",US$1.49 - US$2.90, 100.0 pieces,CN Supplier,https://www.alibaba.com/product-detail/Custom-Make-Anime-Figure-Toys-Anime_1600585565061.html
Gk Figurine Fitness Muscle Pikachus Squirtle Charmander Action Pokemoned Bodybuilding Series Kawaii Pvc Doll,US$0.69 - US$5.92, 10 pieces,CN Supplier,https://www.alibaba.com/product-detail/Gk-Figurine-Fitness-Muscle-Pikachus-Squirtle_1600917331188.html
Dragon-Balsl Figure Gogeta Figura Super Saiyan DBZ Goku Vegeta Vegetto PVC Action Collection Cartoon Kids Toy,US$4.99 - US$6.50, 3 pieces,CN Supplier,https://www.alibaba.com/product-detail/Dragon-Balsl-Figure-Gogeta-Figura-Super_1600723075399.html
AHTEM Anime Figure 21 Styles Demon Slayer Action Kimetsu No Yaiba PVC Action,US$1.70, 10.0 pieces,CN Supplier,https://www.alibaba.com/product-detail/AHTEM-Anime-Figure-21-Styles-Demon_1600807109457.html
Anime figure Kamado Tanjirou Nezuko Action Zenitsu Figurine Inosuke Kimetsu No Yaiba Demon Slayer,US$1.49 - US$1.69, 10 pieces,CN Supplier,https://www.alibaba.com/product-detail/Anime-figure-Kamado-Tanjirou-Nezuko-Action_1600377280092.html
XRH 31cm Anime Figure Toys Dragon Balling C MASTERLISE Fat Cell Goku Action Toys Christmas Gift,US$10.28 - US$12.05, 3 pieces,CN Supplier,https://www.alibaba.com/product-detail/XRH-31cm-Anime-Figure-Toys-Dragon_1600854409294.html
30CM Genshin Impact Beelzebul Raiden Action Shogun Battle Ver. PVC Model Collection Toys Figurine,US$19.00 - US$22.19, 3 pieces,CN Supplier,https://www.alibaba.com/product-detail/30CM-Genshin-Impact-Beelzebul-Raiden-Action_1600880224547.html
